,ht,at,n,Date,Year,PTS,OPP,OT
0,Miami (OH),Ferris State,False,20221001,2023,2,2,1
1,UMass Lowell,St. Lawrence,False,20221001,2023,4,0,0
2,Northern Michigan,Bowling Green,False,20221001,2023,4,6,0
3,Boston University,Bentley,False,20221001,2023,8,2,0
4,Union,Rochester,False,20221001,2023,4,3,0
5,Mercyhurst,Ohio State,False,20221001,2023,2,4,0
6,St. Thomas - Minnesota,St. Cloud State,False,20221001,2023,1,3,0
7,Minnesota Duluth,Arizona State,False,20221001,2023,3,2,1
8,Vermont,UConn,False,20221001,2023,1,4,0
9,Northeastern,Long Island University,False,20221001,2023,3,2,1
10,Minnesota,Lindenwood,False,20221001,2023,4,0,0
11,Alaska Anchorage,Western Michigan,False,20221001,2023,3,1,0
12,Alaska,American International,False,20221001,2023,1,1,1
13,Miami (OH),Ferris State,False,20221002,2023,4,1,0
14,Army,Union,False,20221002,2023,2,2,1
15,Mercyhurst,Ohio State,False,20221002,2023,1,4,0
16,Vermont,UConn,False,20221002,2023,1,3,0
17,St. Cloud State,St. Thomas - Minnesota,False,20221002,2023,4,0,0
18,Minnesota Duluth,Arizona State,False,20221002,2023,4,1,0
19,Northern Michigan,Bowling Green,False,20221002,2023,4,3,1
20,Minnesota,Lindenwood,False,20221002,2023,6,4,0
21,Alaska,American International,False,20221002,2023,2,1,0
22,Alaska Anchorage,Western Michigan,False,20221002,2023,1,4,0
23,Penn State,Canisius,False,20221007,2023,5,2,0
24,Providence,Sacred Heart,False,20221007,2023,6,1,0
25,Rensselaer,Mercyhurst,False,20221007,2023,6,3,0
26,Boston College,Quinnipiac,False,20221007,2023,0,4,0
27,Clarkson,New Hampshire,False,20221007,2023,3,4,1
28,Colgate,Northern Michigan,False,20221007,2023,2,3,0
29,St. Lawrence,Merrimack,False,20221007,2023,3,1,0
30,Michigan State,Bowling Green,False,20221007,2023,1,3,0
31,Michigan,Lindenwood,False,20221007,2023,7,4,0
32,Ohio State,Wisconsin,False,20221007,2023,3,1,0
33,Rochester,Army,False,20221007,2023,3,2,0
34,UConn,Union,False,20221007,2023,4,1,0
35,Ferris State,Michigan Tech,False,20221007,2023,2,1,0
36,UMass Lowell,Miami (OH),False,20221007,2023,1,3,0
37,Northeastern,Vermont,False,20221007,2023,5,2,0
38,Minnesota,Minnesota State,False,20221007,2023,4,1,0
39,North Dakota,Holy Cross,False,20221007,2023,6,0,0
40,Omaha,Niagara,False,20221007,2023,3,4,0
41,St. Thomas - Minnesota,Alaska,False,20221007,2023,2,4,0
42,Bemidji State,Arizona State,False,20221007,2023,0,3,0
43,Denver,Notre Dame,False,20221007,2023,5,2,0
44,Air Force,Maine,False,20221007,2023,1,4,0
45,Colorado College,Alaska Anchorage,False,20221007,2023,6,2,0
46,Colgate,Northern Michigan,False,20221008,2023,1,4,0
47,UConn,Union,False,20221008,2023,4,3,1
48,Ohio State,Wisconsin,False,20221008,2023,4,3,0
49,Stonehill,Long Island University,False,20221008,2023,1,7,0
50,Rochester,Army,False,20221008,2023,4,1,0
51,Penn State,Canisius,False,20221008,2023,7,5,0
52,UMass Lowell,Miami (OH),False,20221008,2023,4,2,0
53,North Dakota,Holy Cross,False,20221008,2023,4,1,0
54,Rensselaer,Mercyhurst,False,20221008,2023,3,2,1
55,Clarkson,Merrimack,False,20221008,2023,2,3,0
56,St. Lawrence,New Hampshire,False,20221008,2023,1,4,0
57,Michigan,Lindenwood,False,20221008,2023,3,1,0
58,Northeastern,Vermont,False,20221008,2023,5,0,0
59,American International,UMass,False,20221008,2023,2,2,1
60,Minnesota,Minnesota State,False,20221008,2023,2,3,0
61,St. Thomas - Minnesota,Alaska,False,20221008,2023,3,2,1
62,Bemidji State,Arizona State,False,20221008,2023,5,4,1
63,Bowling Green,Michigan State,False,20221008,2023,1,2,0
64,Ferris State,Western Michigan,False,20221008,2023,4,6,0
65,Air Force,Notre Dame,False,20221008,2023,5,5,1
66,Colorado College,Alaska Anchorage,False,20221008,2023,4,1,0
67,Denver,Maine,False,20221008,2023,3,1,0
68,Omaha,Niagara,False,20221008,2023,3,4,0
69,Quinnipiac,Long Island University,False,20221009,2023,2,2,1
70,Penn State,Mercyhurst,False,20221013,2023,6,3,0
71,Union,Bentley,False,20221013,2023,5,1,0
72,Holy Cross,Sacred Heart,False,20221013,2023,2,3,0
73,Providence,Clarkson,False,20221013,2023,5,2,0
74,Western Michigan,Bowling Green,False,20221013,2023,4,1,0
75,Michigan State,UMass Lowell,False,20221013,2023,4,3,0
76,Alaska,Michigan Tech,False,20221013,2023,0,2,0
77,Holy Cross,Sacred Heart,False,20221014,2023,1,5,0
78,Mercyhurst,Penn State,False,20221014,2023,1,4,0
79,Niagara,American International,False,20221014,2023,3,6,0
80,St. Lawrence,Colorado College,False,20221014,2023,5,1,0
81,Rensselaer,Long Island University,False,20221014,2023,1,0,0
82,UMass,Denver,False,20221014,2023,4,2,0
83,Michigan,Boston University,False,20221014,2023,9,2,0
84,UConn,Ohio State,False,20221014,2023,0,0,1
85,Ferris State,Canisius,False,20221014,2023,3,5,0
86,Bowling Green,Western Michigan,False,20221014,2023,2,8,0
87,Lake Superior State,Omaha,False,20221014,2023,1,3,0
88,Notre Dame,Northern Michigan,False,20221014,2023,3,1,0
89,Michigan State,UMass Lowell,False,20221014,2023,2,3,0
90,North Dakota,Quinnipiac,False,20221014,2023,5,5,1
91,Wisconsin,St. Cloud State,False,20221014,2023,1,5,0
92,Minnesota State,Minnesota Duluth,False,20221014,2023,6,0,0
93,Lindenwood,Air Force,False,20221014,2023,7,6,0
94,Arizona State,Colgate,False,20221014,2023,2,0,0
95,Alaska,Michigan Tech,False,20221014,2023,2,6,0
96,Lindenwood,Air Force,False,20221015,2023,3,5,0
97,UConn,Ohio State,False,20221015,2023,6,1,0
98,Bentley,Maine,False,20221015,2023,5,1,0
99,Niagara,American International,False,20221015,2023,2,5,0
100,Lake Superior State,Omaha,False,20221015,2023,4,4,1
101,Rensselaer,Army,False,20221015,2023,7,4,0
102,St. Lawrence,Colorado College,False,20221015,2023,4,1,0
103,New Hampshire,Boston College,False,20221015,2023,2,4,0
104,Rochester,Union,False,20221015,2023,8,5,0
105,Ferris State,Canisius,False,20221015,2023,4,1,0
106,North Dakota,Quinnipiac,False,20221015,2023,2,6,0
107,Minnesota State,Minnesota Duluth,False,20221015,2023,2,1,0
108,UMass,Denver,False,20221015,2023,3,0,0
109,Northeastern,Providence,False,20221015,2023,1,2,0
110,Wisconsin,St. Cloud State,False,20221015,2023,1,2,0
111,Arizona State,Colgate,False,20221015,2023,0,4,0
112,Notre Dame,Northern Michigan,False,20221016,2023,5,4,0
113,Michigan,Boston University,False,20221016,2023,2,3,0
114,American International,Holy Cross,False,20221018,2023,3,7,0
115,Canisius,Rensselaer,False,20221018,2023,3,2,0
116,Merrimack,New Hampshire,False,20221018,2023,6,1,0
117,Northeastern,Boston College,False,20221018,2023,3,3,1
118,Ohio State,Bentley,False,20221020,2023,9,2,0
119,Penn State,St. Thomas - Minnesota,False,20221020,2023,6,2,0
120,Air Force,Rochester,False,20221020,2023,3,2,0
121,Ohio State,Bentley,False,20221021,2023,3,1,0
122,Clarkson,Mercyhurst,False,20221021,2023,1,2,1
123,New Hampshire,Army,False,20221021,2023,3,1,0
124,Canisius,Miami (OH),False,20221021,2023,3,5,0
125,Niagara,Sacred Heart,False,20221021,2023,6,4,0
126,Merrimack,Colgate,False,20221021,2023,5,0,0
127,UMass,Union,False,20221021,2023,7,1,0
128,Penn State,St. Thomas - Minnesota,False,20221021,2023,3,2,1
129,Notre Dame,Western Michigan,False,20221021,2023,2,0,0
130,Michigan State,Long Island University,False,20221021,2023,3,1,0
131,Boston University,UConn,False,20221021,2023,3,4,1
132,Northern Michigan,Alaska Anchorage,False,20221021,2023,9,1,0
133,Lake Superior State,Michigan,False,20221021,2023,2,5,0
134,Michigan Tech,Bemidji State,False,20221021,2023,2,5,0
135,Minnesota,North Dakota,False,20221021,2023,3,2,1
136,Minnesota Duluth,Wisconsin,False,20221021,2023,2,5,0
137,Omaha,Alaska,False,20221021,2023,2,3,1
138,St. Cloud State,Minnesota State,False,20221021,2023,3,2,0
139,Arizona State,Colorado College,False,20221021,2023,5,3,0
140,Denver,Providence,False,20221021,2023,4,1,0
141,Air Force,Rochester,False,20221021,2023,2,4,0
142,Stonehill,New England,False,20221022,2023,2,1,1
143,Canisius,Miami (OH),False,20221022,2023,0,2,0
144,Niagara,Sacred Heart,False,20221022,2023,1,5,0
145,Western Michigan,Notre Dame,False,20221022,2023,4,0,0
146,Michigan State,Long Island University,False,20221022,2023,8,4,0
147,Lake Superior State,Michigan,False,20221022,2023,1,5,0
148,Northern Michigan,Alaska Anchorage,False,20221022,2023,1,3,0
149,Michigan Tech,Bemidji State,False,20221022,2023,2,2,1
150,Vermont,Holy Cross,False,20221022,2023,6,0,0
151,Maine,Quinnipiac,False,20221022,2023,4,0,0
152,UMass,Union,False,20221022,2023,7,0,0
153,Merrimack,Colgate,False,20221022,2023,3,5,0
154,St. Cloud State,Minnesota State,False,20221022,2023,4,3,0
155,Minnesota Duluth,Wisconsin,False,20221022,2023,0,3,0
156,Boston University,UConn,False,20221022,2023,5,2,0
157,Northeastern,UMass Lowell,False,20221022,2023,2,3,0
158,American International,Lindenwood,False,20221022,2023,5,0,0
159,Clarkson,Mercyhurst,False,20221022,2023,5,1,0
160,Minnesota,North Dakota,False,20221022,2023,4,5,1
161,Denver,Providence,False,20221022,2023,4,1,0
162,Arizona State,Colorado College,False,20221022,2023,6,1,0
163,Boston College,New Hampshire,False,20221023,2023,5,0,0
164,Omaha,Alaska,False,20221023,2023,3,2,1
165,American International,Lindenwood,False,20221023,2023,5,3,0
166,Maine,Quinnipiac,False,20221023,2023,2,6,0
167,New England,Stonehill,False,20221025,2023,0,7,0
168,UConn,Boston College,False,20221027,2023,5,1,0
169,Ohio State,Minnesota,False,20221028,2023,6,4,0
170,Army,American International,False,20221028,2023,2,8,0
171,Sacred Heart,Canisius,False,20221028,2023,6,3,0
172,Niagara,Mercyhurst,False,20221028,2023,4,4,1
173,Colgate,Vermont,False,20221028,2023,1,2,0
174,Rensselaer,Union,False,20221028,2023,2,1,0
175,Harvard,Dartmouth,False,20221028,2023,5,2,0
176,Michigan,Western Michigan,False,20221028,2023,5,4,0
177,Maine,Northeastern,False,20221028,2023,2,2,1
178,UMass,Merrimack,False,20221028,2023,3,2,1
179,New Hampshire,Providence,False,20221028,2023,2,2,1
180,Bentley,Lindenwood,False,20221028,2023,3,7,0
181,Rochester,Holy Cross,False,20221028,2023,5,2,0
182,Miami (OH),Denver,False,20221028,2023,0,4,0
183,Lake Superior State,Clarkson,False,20221028,2023,3,4,1
184,Michigan Tech,St. Lawrence,False,20221028,2023,6,0,0
185,Northern Michigan,Alaska,False,20221028,2023,1,2,0
186,Ferris State,St. Thomas - Minnesota,False,20221028,2023,3,2,1
187,UMass Lowell,Boston University,False,20221028,2023,2,1,0
188,Notre Dame,Michigan State,False,20221028,2023,5,0,0
189,Long Island University,Omaha,False,20221028,2023,1,2,0
190,Minnesota Duluth,Cornell,False,20221028,2023,3,2,0
191,Wisconsin,Penn State,False,20221028,2023,1,2,0
192,Bemidji State,St. Cloud State,False,20221028,2023,3,1,0
193,Minnesota State,Bowling Green,False,20221028,2023,3,2,1
194,Sacred Heart,Canisius,False,20221029,2023,3,1,0
195,Colgate,Vermont,False,20221029,2023,1,1,1
196,Bentley,Lindenwood,False,20221029,2023,3,1,0
197,Rochester,Holy Cross,False,20221029,2023,3,2,1
198,Ohio State,Minnesota,False,20221029,2023,2,4,0
199,UMass Dartmouth,Stonehill,False,20221029,2023,1,3,0
200,Miami (OH),Denver,False,20221029,2023,2,4,0
201,Western Michigan,Michigan,False,20221029,2023,5,6,1
202,Notre Dame,Michigan State,False,20221029,2023,1,1,1
203,Michigan Tech,St. Lawrence,False,20221029,2023,3,0,0
204,Lake Superior State,Clarkson,False,20221029,2023,5,1,0
205,Northern Michigan,Alaska,False,20221029,2023,3,2,0
206,Ferris State,St. Thomas - Minnesota,False,20221029,2023,2,5,0
207,Union,Rensselaer,False,20221029,2023,6,0,0
208,Yale,Brown,False,20221029,2023,2,0,0
209,Long Island University,Omaha,False,20221029,2023,1,7,0
210,Boston University,UMass Lowell,False,20221029,2023,2,1,1
211,Merrimack,UMass,False,20221029,2023,2,1,1
212,Providence,New Hampshire,False,20221029,2023,3,1,0
213,Mercyhurst,Niagara,False,20221029,2023,2,3,0
214,Maine,Northeastern,False,20221029,2023,1,4,0
215,Minnesota State,Bowling Green,False,20221029,2023,4,2,0
216,St. Cloud State,Bemidji State,False,20221029,2023,4,1,0
217,Minnesota Duluth,Cornell,False,20221029,2023,4,2,0
218,Harvard,Princeton,False,20221029,2023,4,2,0
219,Army,Dartmouth,False,20221030,2023,8,3,0
220,Brown,Yale,False,20221030,2023,2,1,0
221,Merrimack,Boston College,False,20221103,2023,3,1,0
222,Canisius,Holy Cross,False,20221104,2023,1,3,0
223,Army,Lindenwood,False,20221104,2023,1,2,0
224,Mercyhurst,Sacred Heart,False,20221104,2023,3,6,0
225,Dartmouth,Yale,False,20221104,2023,6,0,0
226,Harvard,Brown,False,20221104,2023,5,2,0
227,Clarkson,Union,False,20221104,2023,2,3,0
228,Princeton,Cornell,False,20221104,2023,1,3,0
229,St. Lawrence,Rensselaer,False,20221104,2023,3,2,0
230,Quinnipiac,Colgate,False,20221104,2023,3,2,0
231,Western Michigan,Miami (OH),False,20221104,2023,7,1,0
232,Michigan State,Wisconsin,False,20221104,2023,5,0,0
233,Providence,UMass,False,20221104,2023,7,4,0
234,Northeastern,New Hampshire,False,20221104,2023,6,2,0
235,Bentley,Niagara,False,20221104,2023,0,6,0
236,UConn,Maine,False,20221104,2023,3,2,1
237,Lake Superior State,Northern Michigan,False,20221104,2023,1,4,0
238,Bowling Green,Michigan Tech,False,20221104,2023,2,3,0
239,UMass Lowell,Vermont,False,20221104,2023,4,0,0
240,Penn State,Michigan,False,20221104,2023,3,0,0
241,Minnesota,Notre Dame,False,20221104,2023,4,1,0
242,Bemidji State,Ferris State,False,20221104,2023,2,2,1
243,St. Thomas - Minnesota,Minnesota State,False,20221104,2023,2,7,0
244,Omaha,North Dakota,False,20221104,2023,1,4,0
245,Denver,St. Cloud State,False,20221104,2023,3,4,1
246,Air Force,Alaska Anchorage,False,20221104,2023,5,3,0
247,Boston College,Merrimack,False,20221105,2023,2,5,0
248,American International,Rochester,False,20221105,2023,3,4,0
249,Army,Lindenwood,False,20221105,2023,3,5,0
250,Canisius,Holy Cross,False,20221105,2023,2,2,1
251,Mercyhurst,Sacred Heart,False,20221105,2023,3,3,1
252,UConn,Maine,False,20221105,2023,3,2,0
253,Dartmouth,Brown,False,20221105,2023,2,2,1
254,Bentley,Niagara,False,20221105,2023,2,4,0
255,Western Michigan,Miami (OH),False,20221105,2023,5,2,0
256,Michigan State,Wisconsin,False,20221105,2023,5,1,0
257,UMass Lowell,Vermont,False,20221105,2023,2,0,0
258,Lake Superior State,Northern Michigan,False,20221105,2023,3,5,0
259,Harvard,Yale,False,20221105,2023,4,0,0
260,Princeton,Colgate,False,20221105,2023,3,4,1
261,Clarkson,Rensselaer,False,20221105,2023,3,0,0
262,Quinnipiac,Cornell,False,20221105,2023,2,0,0
263,UMass,Providence,False,20221105,2023,3,4,1
264,New Hampshire,Northeastern,False,20221105,2023,0,3,0
265,Air Force,Alaska Anchorage,False,20221105,2023,3,1,0
266,Bemidji State,Ferris State,False,20221105,2023,2,1,1
267,Minnesota State,St. Thomas - Minnesota,False,20221105,2023,4,3,0
268,Bowling Green,Michigan Tech,False,20221105,2023,6,1,0
269,St. Lawrence,Union,False,20221105,2023,4,2,0
270,Penn State,Michigan,False,20221105,2023,3,4,1
271,Denver,St. Cloud State,False,20221105,2023,3,2,0
272,American International,Rochester,False,20221106,2023,2,3,0
273,Michigan State,Ohio State,False,20221110,2023,4,2,0
274,Minnesota,Penn State,False,20221110,2023,2,4,0
275,Merrimack,Maine,False,20221111,2023,1,0,0
276,Anna Maria College,Stonehill,False,20221111,2023,2,5,0
277,Canisius,American International,False,20221111,2023,5,2,0
278,Rochester,Sacred Heart,False,20221111,2023,3,1,0
279,Brown,Quinnipiac,False,20221111,2023,3,4,0
280,Union,Dartmouth,False,20221111,2023,4,1,0
281,Clarkson,Colgate,False,20221111,2023,4,0,0
282,Rensselaer,Harvard,False,20221111,2023,2,3,1
283,St. Lawrence,Cornell,False,20221111,2023,1,5,0
284,Yale,Princeton,False,20221111,2023,0,3,0
285,Michigan State,Ohio State,False,20221111,2023,4,3,0
286,Northeastern,Boston College,False,20221111,2023,4,4,1
287,UMass,Boston University,False,20221111,2023,2,7,0
288,Providence,UConn,False,20221111,2023,1,1,1
289,Vermont,New Hampshire,False,20221111,2023,2,1,1
290,Miami (OH),Colorado College,False,20221111,2023,1,1,1
291,Northern Michigan,Bemidji State,False,20221111,2023,2,0,0
292,Michigan Tech,Lake Superior State,False,20221111,2023,2,2,1
293,Bowling Green,St. Thomas - Minnesota,False,20221111,2023,3,2,0
294,Notre Dame,Michigan,False,20221111,2023,1,5,0
295,Minnesota Duluth,Omaha,False,20221111,2023,2,3,0
296,Minnesota,Penn State,False,20221111,2023,3,1,0
297,Wisconsin,Long Island University,False,20221111,2023,3,2,0
298,North Dakota,Denver,False,20221111,2023,2,3,0
299,St. Cloud State,Western Michigan,False,20221111,2023,2,4,0
300,Canisius,American International,False,20221112,2023,3,2,0
301,UConn,Providence,False,20221112,2023,6,6,1
302,Rochester,Sacred Heart,False,20221112,2023,3,1,0
303,Miami (OH),Colorado College,False,20221112,2023,1,2,0
304,Notre Dame,Michigan,False,20221112,2023,3,2,1
305,Northern Michigan,Bemidji State,False,20221112,2023,1,4,0
306,Michigan Tech,Lake Superior State,False,20221112,2023,2,0,0
307,Brown,Princeton,False,20221112,2023,0,1,0
308,St. Lawrence,Colgate,False,20221112,2023,1,4,0
309,Rensselaer,Dartmouth,False,20221112,2023,2,1,0
310,Clarkson,Cornell,False,20221112,2023,4,1,0
311,Yale,Quinnipiac,False,20221112,2023,0,4,0
312,Union,Harvard,False,20221112,2023,1,5,0
313,St. Cloud State,Western Michigan,False,20221112,2023,4,1,0
314,Minnesota Duluth,Omaha,False,20221112,2023,3,2,1
315,Boston College,Northeastern,False,20221112,2023,3,2,0
316,Boston University,UMass,False,20221112,2023,5,1,0
317,Merrimack,Maine,False,20221112,2023,5,3,0
318,Vermont,New Hampshire,False,20221112,2023,2,1,0
319,Arizona State,Alaska Anchorage,False,20221112,2023,3,0,0
320,Bowling Green,St. Thomas - Minnesota,False,20221112,2023,3,2,0
321,North Dakota,Denver,False,20221112,2023,3,6,0
322,Wisconsin,Long Island University,False,20221112,2023,4,3,1
323,Air Force,Bentley,False,20221112,2023,2,0,0
324,American International,Holy Cross,False,20221115,2023,4,1,0
325,New Hampshire,Harvard,False,20221115,2023,1,3,0
326,Boston College,UMass Lowell,False,20221115,2023,3,2,0
327,Michigan,Minnesota,False,20221117,2023,2,5,0
328,Sacred Heart,Merrimack,False,20221117,2023,0,3,0
329,Holy Cross,Mercyhurst,False,20221118,2023,1,3,0
330,Michigan,Minnesota,False,20221118,2023,3,6,0
331,Army,Bentley,False,20221118,2023,2,0,0
332,Princeton,Quinnipiac,False,20221118,2023,1,4,0
333,Clarkson,Arizona State,False,20221118,2023,2,1,0
334,Colgate,Brown,False,20221118,2023,3,2,1
335,Rensselaer,Alaska,False,20221118,2023,1,3,0
336,Cornell,Yale,False,20221118,2023,5,2,0
337,Western Michigan,Minnesota Duluth,False,20221118,2023,4,5,0
338,Penn State,Michigan State,False,20221118,2023,4,3,0
339,Ohio State,Notre Dame,False,20221118,2023,5,2,0
340,Boston University,Northeastern,False,20221118,2023,0,2,0
341,New Hampshire,UMass,False,20221118,2023,2,4,0
342,Providence,Vermont,False,20221118,2023,4,0,0
343,Ferris State,Bowling Green,False,20221118,2023,0,6,0
344,Minnesota State,Northern Michigan,False,20221118,2023,2,3,1
345,UMass Lowell,UConn,False,20221118,2023,3,2,1
346,Wisconsin,Lindenwood,False,20221118,2023,4,3,0
347,St. Thomas - Minnesota,Michigan Tech,False,20221118,2023,2,6,0
348,North Dakota,Miami (OH),False,20221118,2023,7,1,0
349,Colorado College,St. Cloud State,False,20221118,2023,1,3,0
350,American International,Air Force,False,20221119,2023,3,3,1
351,Holy Cross,Mercyhurst,False,20221119,2023,1,4,0
352,Post University,Stonehill,False,20221119,2023,2,5,0
353,UConn,UMass Lowell,False,20221119,2023,4,2,0
354,Ohio State,Notre Dame,False,20221119,2023,0,1,0
355,Western Michigan,Minnesota Duluth,False,20221119,2023,5,3,0
356,Assumption,Long Island University,False,20221119,2023,1,5,0
357,Army,Bentley,False,20221119,2023,5,2,0
358,Cornell,Brown,False,20221119,2023,5,1,0
359,Quinnipiac,Princeton,False,20221119,2023,4,1,0
360,Rensselaer,Alaska,False,20221119,2023,3,3,0
361,Colgate,Yale,False,20221119,2023,8,1,0
362,Clarkson,Arizona State,False,20221119,2023,5,3,0
363,Northeastern,Boston University,False,20221119,2023,3,4,1
364,Providence,Vermont,False,20221119,2023,4,3,1
365,Ferris State,Bowling Green,False,20221119,2023,4,1,0
366,Minnesota State,Northern Michigan,False,20221119,2023,4,1,0
367,St. Thomas - Minnesota,Michigan Tech,False,20221119,2023,3,4,0
368,North Dakota,Miami (OH),False,20221119,2023,3,4,0
369,Penn State,Michigan State,False,20221119,2023,3,7,0
370,Colorado College,St. Cloud State,False,20221119,2023,0,5,0
371,Wisconsin,Lindenwood,False,20221119,2023,5,1,0
372,American International,Air Force,False,20221120,2023,3,1,0
373,Merrimack,Holy Cross,False,20221122,2023,5,1,0
374,Cornell,Sacred Heart,False,20221122,2023,2,1,0
375,Penn State,Alaska,False,20221122,2023,3,2,0
376,Stonehill,Westfield State,False,20221122,2023,5,5,1
377,Boston University,Notre Dame,False,20221123,2023,5,2,0
378,Penn State,Alaska,False,20221123,2023,2,1,0
379,Dartmouth,Quinnipiac,False,20221125,2023,2,5,0
380,Canisius,Army,False,20221125,2023,2,2,0
381,Brown,Holy Cross,False,20221125,2023,3,0,0
382,UMass Lowell,UMass,False,20221125,2023,1,2,0
383,Niagara,Colgate,False,20221125,2023,3,2,0
384,Sacred Heart,Bentley,False,20221125,2023,1,3,0
385,Boston College,Notre Dame,False,20221125,2023,2,5,0
386,Vermont,Rensselaer,False,20221125,2023,4,3,1
387,Providence,St. Lawrence,False,20221125,2023,4,3,0
388,Michigan,Harvard,False,20221125,2023,4,4,1
389,Mercyhurst,Air Force,False,20221125,2023,5,3,0
390,Rochester,Princeton,False,20221125,2023,5,3,0
391,Miami (OH),Michigan State,False,20221125,2023,3,5,0
392,Michigan Tech,Minnesota State,False,20221125,2023,3,2,0
393,Long Island University,Ohio State,False,20221125,2023,3,2,0
394,St. Thomas - Minnesota,Lake Superior State,False,20221125,2023,4,0,0
395,Northeastern,Western Michigan,False,20221125,2023,4,6,0
396,Bemidji State,North Dakota,False,20221125,2023,3,3,1
397,Denver,Omaha,False,20221125,2023,0,3,0
398,Arizona State,Minnesota,False,20221125,2023,2,3,0
399,UMass Lowell,Dartmouth,False,20221126,2023,4,3,1
400,Canisius,Army,False,20221126,2023,1,3,0
401,Sacred Heart,Bentley,False,20221126,2023,6,3,0
402,Maine,American International,False,20221126,2023,5,1,0
403,Quinnipiac,UMass,False,20221126,2023,2,2,0
404,Niagara,Colgate,False,20221126,2023,3,2,1
405,Mercyhurst,Air Force,False,20221126,2023,4,2,0
406,Rochester,Princeton,False,20221126,2023,0,5,0
407,Miami (OH),Michigan State,False,20221126,2023,0,4,0
408,Michigan Tech,Minnesota State,False,20221126,2023,2,2,1
409,Holy Cross,New Hampshire,False,20221126,2023,3,2,1
410,Providence,Brown,False,20221126,2023,2,3,0
411,Michigan,Harvard,False,20221126,2023,4,1,0
412,SUNY-Potsdam,Stonehill,False,20221126,2023,3,4,0
413,St. Thomas - Minnesota,Lake Superior State,False,20221126,2023,2,1,0
414,North Dakota,Bemidji State,False,20221126,2023,4,2,0
415,Denver,Omaha,False,20221126,2023,6,3,0
416,Long Island University,Ohio State,False,20221126,2023,1,4,0
417,Cornell,UConn,False,20221126,2023,6,0,0
418,Arizona State,Minnesota,False,20221126,2023,6,5,1
419,SUNY Canton,Stonehill,False,20221127,2023,5,7,0
420,Rensselaer,Vermont,False,20221127,2023,2,1,0
421,Brown,Boston College,False,20221129,2023,2,4,0
422,Merrimack,UConn,False,20221129,2023,1,3,0
423,American International,Bentley,False,20221201,2023,7,2,0
424,Michigan State,Minnesota,False,20221202,2023,0,5,0
425,Army,Niagara,False,20221202,2023,3,0,0
426,Colgate,Dartmouth,False,20221202,2023,5,1,0
427,Cornell,Harvard,False,20221202,2023,1,2,1
428,Quinnipiac,St. Lawrence,False,20221202,2023,2,1,0
429,Princeton,Clarkson,False,20221202,2023,6,2,0
430,Penn State,Ohio State,False,20221202,2023,2,1,0
431,Boston College,Providence,False,20221202,2023,1,1,1
432,New Hampshire,Boston University,False,20221202,2023,3,6,0
433,Vermont,Maine,False,20221202,2023,1,3,0
434,Bentley,American International,False,20221202,2023,1,5,0
435,Rochester,Canisius,False,20221202,2023,1,2,1
436,UConn,Merrimack,False,20221202,2023,3,7,0
437,Lake Superior State,Bowling Green,False,20221202,2023,4,7,0
438,Northern Michigan,Michigan Tech,False,20221202,2023,4,3,1
439,Minnesota Duluth,Colorado College,False,20221202,2023,0,3,0
440,Wisconsin,Michigan,False,20221202,2023,6,3,0
441,Minnesota State,Ferris State,False,20221202,2023,1,2,0
442,Bemidji State,St. Thomas - Minnesota,False,20221202,2023,6,4,0
443,Omaha,Western Michigan,False,20221202,2023,7,6,0
444,St. Cloud State,North Dakota,False,20221202,2023,7,2,0
445,Denver,Arizona State,False,20221202,2023,3,2,0
446,Air Force,Holy Cross,False,20221202,2023,1,4,0
447,Army,Niagara,False,20221203,2023,2,4,0
448,Wisconsin,Michigan,False,20221203,2023,2,4,0
449,Vermont,Maine,False,20221203,2023,1,5,0
450,Penn State,Ohio State,False,20221203,2023,3,4,0
451,Michigan State,Minnesota,False,20221203,2023,3,6,0
452,Boston University,New Hampshire,False,20221203,2023,3,0,0
453,Lake Superior State,Bowling Green,False,20221203,2023,1,5,0
454,Michigan Tech,Northern Michigan,False,20221203,2023,3,1,0
455,Union,Northeastern,False,20221203,2023,3,2,0
456,Quinnipiac,Clarkson,False,20221203,2023,6,3,0
457,Cornell,Dartmouth,False,20221203,2023,1,0,0
458,Princeton,St. Lawrence,False,20221203,2023,4,5,0
459,Colgate,Harvard,False,20221203,2023,6,4,0
460,St. Cloud State,North Dakota,False,20221203,2023,6,3,0
461,Providence,Boston College,False,20221203,2023,2,2,1
462,UMass,UMass Lowell,False,20221203,2023,1,1,1
463,Air Force,Holy Cross,False,20221203,2023,1,2,0
464,Canisius,Rochester,False,20221203,2023,4,10,0
465,Minnesota State,Ferris State,False,20221203,2023,2,3,0
466,Bemidji State,St. Thomas - Minnesota,False,20221203,2023,2,2,1
467,Long Island University,Brown,False,20221203,2023,1,5,0
468,Denver,Arizona State,False,20221203,2023,5,2,0
469,Minnesota Duluth,Colorado College,False,20221203,2023,4,0,0
470,Omaha,Western Michigan,False,20221203,2023,3,1,0
471,Long Island University,Brown,False,20221204,2023,5,4,1
472,Sacred Heart,Northeastern,False,20221206,2023,4,2,0
473,Stonehill,Worcester State,False,20221206,2023,5,3,0
474,UMass,Merrimack,False,20221207,2023,1,2,0
475,American International,Niagara,False,20221208,2023,0,0,1
476,American International,Niagara,False,20221209,2023,4,1,0
477,Michigan State,Michigan,False,20221209,2023,2,1,0
478,Quinnipiac,Rensselaer,False,20221209,2023,8,3,0
479,Clarkson,Brown,False,20221209,2023,2,2,1
480,Princeton,Union,False,20221209,2023,2,0,0
481,St. Lawrence,Yale,False,20221209,2023,2,1,0
482,Dartmouth,UMass Lowell,False,20221209,2023,2,3,0
483,Miami (OH),St. Cloud State,False,20221209,2023,3,7,0
484,Notre Dame,Penn State,False,20221209,2023,2,5,0
485,Boston College,Boston University,False,20221209,2023,9,6,0
486,New Hampshire,Arizona State,False,20221209,2023,1,4,0
487,Southern Maine,Stonehill,False,20221209,2023,2,2,1
488,Mercyhurst,Army,False,20221209,2023,4,3,0
489,Western Michigan,North Dakota,False,20221209,2023,2,2,1
490,Bowling Green,Minnesota State,False,20221209,2023,1,2,0
491,Ferris State,Northern Michigan,False,20221209,2023,5,2,0
492,Minnesota Duluth,Denver,False,20221209,2023,2,3,1
493,Bemidji State,Lake Superior State,False,20221209,2023,2,3,1
494,Minnesota,Wisconsin,False,20221209,2023,7,1,0
495,Colorado College,Omaha,False,20221209,2023,6,4,0
496,Alaska,Alaska Anchorage,False,20221209,2023,5,2,0
497,Maine,Canisius,False,20221210,2023,3,0,0
498,New Hampshire,Arizona State,False,20221210,2023,5,4,1
499,Miami (OH),St. Cloud State,False,20221210,2023,5,0,0
500,Western Michigan,North Dakota,False,20221210,2023,0,3,0
501,Notre Dame,Penn State,False,20221210,2023,5,3,0
502,Ferris State,Northern Michigan,False,20221210,2023,2,5,0
503,Michigan,Michigan State,False,20221210,2023,2,1,0
504,St. Lawrence,Brown,False,20221210,2023,4,0,0
505,Princeton,Rensselaer,False,20221210,2023,6,5,0
506,Clarkson,Yale,False,20221210,2023,1,1,1
507,Quinnipiac,Union,False,20221210,2023,8,1,0
508,Minnesota,Wisconsin,False,20221210,2023,6,4,0
509,Providence,Merrimack,False,20221210,2023,2,3,0
510,Long Island University,Franklin Pierce,False,20221210,2023,6,1,0
511,Mercyhurst,Army,False,20221210,2023,2,3,1
512,Bemidji State,Lake Superior State,False,20221210,2023,4,1,0
513,Bowling Green,Minnesota State,False,20221210,2023,2,6,0
514,Colorado College,Omaha,False,20221210,2023,1,0,0
515,Minnesota Duluth,Denver,False,20221210,2023,3,4,1
516,Alaska,Alaska Anchorage,False,20221210,2023,7,2,0
517,UConn,Boston University,False,20221211,2023,2,3,0
518,Vermont,Dartmouth,False,20221211,2023,5,1,0
519,Long Island University,Franklin Pierce,False,20221211,2023,9,2,0
520,Minnesota State,Bemidji State,False,20221215,2023,3,4,1
521,Bowling Green,Ohio State,False,20221216,2023,2,5,0
522,Lake Superior State,Michigan Tech,False,20221216,2023,3,0,0
523,Minnesota State,Bemidji State,False,20221216,2023,1,4,0
524,St. Thomas - Minnesota,Ferris State,False,20221216,2023,7,4,0
525,Denver,Lindenwood,False,20221216,2023,5,0,0
526,Alaska Anchorage,Alaska,False,20221216,2023,0,4,0
527,Lake Superior State,Michigan Tech,False,20221217,2023,1,5,0
528,Ohio State,Bowling Green,False,20221217,2023,9,4,0
529,St. Thomas - Minnesota,Ferris State,False,20221217,2023,2,4,0
530,Denver,Lindenwood,False,20221217,2023,5,4,0
531,Alaska Anchorage,Alaska,False,20221217,2023,0,1,0
532,Long Island University,Northeastern,False,20221218,2023,3,4,1
533,Michigan Tech,Western Michigan,False,20221227,2023,1,8,0
534,Ferris State,Michigan State,False,20221227,2023,4,2,0
535,Michigan Tech,Michigan State,False,20221228,2023,3,2,1
536,UMass,Clarkson,False,20221228,2023,3,6,0
537,Ferris State,Western Michigan,False,20221228,2023,2,8,0
538,Wisconsin,Lake Superior State,False,20221228,2023,4,0,0
539,Lake Superior State,UMass,False,20221229,2023,1,4,0
540,Cornell,American International,False,20221229,2023,8,4,0
541,Sacred Heart,Mercyhurst,False,20221229,2023,4,3,1
542,Long Island University,UConn,False,20221229,2023,1,2,1
543,Bowling Green,Rensselaer,False,20221229,2023,3,1,0
544,Clarkson,Wisconsin,False,20221229,2023,3,1,0
545,Sacred Heart,Mercyhurst,False,20221230,2023,4,1,0
546,Union,New Hampshire,False,20221230,2023,4,3,0
547,Yale,Providence,False,20221230,2023,0,3,0
548,Rochester,Penn State,False,20221230,2023,1,6,0
549,UMass Lowell,Alaska Anchorage,False,20221230,2023,2,4,0
550,Holy Cross,Quinnipiac,False,20221230,2023,1,4,0
551,Cornell,American International,False,20221230,2023,3,3,1
552,Colgate,Maine,False,20221230,2023,5,2,0
553,Boston University,Harvard,False,20221230,2023,2,1,1
554,Vermont,Lindenwood,False,20221230,2023,4,2,0
555,Miami (OH),Niagara,False,20221230,2023,5,3,0
556,Bentley,Northeastern,False,20221230,2023,3,1,0
557,Bowling Green,Rensselaer,False,20221230,2023,5,2,0
558,Dartmouth,Merrimack,False,20221230,2023,2,3,1
559,Omaha,St. Lawrence,False,20221230,2023,1,2,1
560,Air Force,Canisius,False,20221230,2023,0,0,0
561,Colorado College,Princeton,False,20221230,2023,7,2,0
562,Arizona State,Boston College,False,20221230,2023,2,5,0
563,UConn,Long Island University,False,20221231,2023,5,3,0
564,Colgate,Maine,False,20221231,2023,1,1,1
565,Union,New Hampshire,False,20221231,2023,3,2,0
566,Vermont,Lindenwood,False,20221231,2023,2,3,1
567,Merrimack,Providence,False,20221231,2023,1,6,0
568,Miami (OH),Niagara,False,20221231,2023,4,5,0
569,UMass Lowell,Alaska Anchorage,False,20221231,2023,2,3,0
570,Notre Dame,Alaska,False,20221231,2023,2,3,0
571,Arizona State,Boston College,False,20221231,2023,2,1,0
572,Penn State,Rochester,False,20221231,2023,3,1,0
573,Colorado College,Princeton,False,20221231,2023,1,2,1
574,Air Force,Canisius,False,20221231,2023,0,0,0
575,Dartmouth,Yale,False,20221231,2023,4,3,0
576,Omaha,St. Lawrence,False,20221231,2023,5,2,0
577,Harvard,Northeastern,False,20230101,2023,8,4,0
578,Notre Dame,Alaska,False,20230101,2023,2,0,0
579,Yale,Army,False,20230102,2023,5,1,0
580,UMass,Brown,False,20230103,2023,3,0,0
581,Niagara,St. Lawrence,False,20230105,2023,4,3,0
582,Sacred Heart,Army,False,20230105,2023,5,0,0
583,SUNY Cortland,Stonehill,False,20230106,2023,7,2,0
584,Air Force,Boston University,False,20230106,2023,1,5,0
585,Merrimack,Yale,False,20230106,2023,3,3,1
586,Rensselaer,Colgate,False,20230106,2023,5,3,0
587,Princeton,Harvard,False,20230106,2023,3,4,1
588,Union,Cornell,False,20230106,2023,1,6,0
589,Quinnipiac,Dartmouth,False,20230106,2023,3,0,0
590,Ohio State,Michigan State,False,20230106,2023,3,1,0
591,Providence,New Hampshire,False,20230106,2023,0,2,0
592,Maine,Alaska Anchorage,False,20230106,2023,1,0,0
593,Bentley,Rochester,False,20230106,2023,0,3,0
594,Bowling Green,Lake Superior State,False,20230106,2023,5,2,0
595,Northern Michigan,Minnesota State,False,20230106,2023,2,5,0
596,Wisconsin,Notre Dame,False,20230106,2023,2,0,0
597,Bemidji State,Minnesota Duluth,False,20230106,2023,1,1,1
598,North Dakota,Lindenwood,False,20230106,2023,4,3,0
599,Arizona State,Michigan Tech,False,20230106,2023,2,4,0
600,Denver,Alaska,False,20230106,2023,1,3,0
601,American International,UMass Lowell,False,20230107,2023,2,4,0
602,UConn,Northeastern,False,20230107,2023,1,4,0
603,Holy Cross,Clarkson,False,20230107,2023,1,1,1
604,Union,Colgate,False,20230107,2023,1,2,0
605,Ohio State,Michigan State,False,20230107,2023,6,0,0
606,SUNY Morrisville,Stonehill,False,20230107,2023,3,4,0
607,Bentley,Rochester,False,20230107,2023,1,3,0
608,Maine,Alaska Anchorage,False,20230107,2023,4,3,1
609,Michigan Tech,Boston University,False,20230107,2023,3,2,0
610,UMass,Boston College,False,20230107,2023,2,4,0
611,Northern Michigan,Minnesota State,False,20230107,2023,3,5,0
612,Wisconsin,Notre Dame,False,20230107,2023,4,6,0
613,St. Lawrence,Niagara,False,20230107,2023,4,3,1
614,Quinnipiac,Harvard,False,20230107,2023,4,1,0
615,Rensselaer,Cornell,False,20230107,2023,4,6,0
616,Princeton,Dartmouth,False,20230107,2023,4,2,0
617,Merrimack,Brown,False,20230107,2023,2,6,0
618,St. Cloud State,Minnesota,False,20230107,2023,3,0,0
619,Bowling Green,Lake Superior State,False,20230107,2023,5,3,0
620,Minnesota Duluth,Bemidji State,False,20230107,2023,5,2,0
621,North Dakota,Lindenwood,False,20230107,2023,4,2,0
622,Denver,Alaska,False,20230107,2023,7,2,0
623,Arizona State,Air Force,False,20230107,2023,2,0,0
624,Army,Providence,False,20230108,2023,3,3,1
625,Vermont,Yale,False,20230108,2023,1,1,1
626,New Hampshire,Sacred Heart,False,20230108,2023,4,1,0
627,Minnesota,St. Cloud State,False,20230108,2023,2,1,1
628,Assumption,Stonehill,False,20230110,2023,2,8,0
629,Boston University,UMass,False,20230111,2023,6,2,0
630,Niagara,Bentley,False,20230113,2023,3,6,0
631,Michigan,Ohio State,False,20230113,2023,2,7,0
632,Holy Cross,Air Force,False,20230113,2023,5,2,0
633,Army,Canisius,False,20230113,2023,2,0,0
634,Yale,Rensselaer,False,20230113,2023,4,1,0
635,Princeton,Long Island University,False,20230113,2023,5,2,0
636,Brown,Union,False,20230113,2023,6,2,0
637,Harvard,Clarkson,False,20230113,2023,4,1,0
638,Michigan State,Penn State,False,20230113,2023,3,2,1
639,Notre Dame,Minnesota,False,20230113,2023,2,2,1
640,Maine,UMass Lowell,False,20230113,2023,1,2,0
641,Merrimack,Providence,False,20230113,2023,3,8,0
642,Rochester,Mercyhurst,False,20230113,2023,4,4,1
643,Bowling Green,Bemidji State,False,20230113,2023,4,2,0
644,Lake Superior State,Ferris State,False,20230113,2023,0,4,0
645,Michigan Tech,St. Thomas - Minnesota,False,20230113,2023,2,0,0
646,Dartmouth,St. Lawrence,False,20230113,2023,2,3,1
647,North Dakota,Western Michigan,False,20230113,2023,0,4,0
648,St. Cloud State,Colorado College,False,20230113,2023,2,4,0
649,Omaha,Minnesota Duluth,False,20230113,2023,3,2,0
650,Arizona State,Minnesota State,False,20230113,2023,1,3,0
651,Denver,Miami (OH),False,20230113,2023,7,0,0
652,Army,Canisius,False,20230114,2023,4,5,1
653,Boston University,Cornell,False,20230114,2023,4,3,0
654,St. Anselm,Stonehill,False,20230114,2023,1,3,0
655,Michigan,Ohio State,False,20230114,2023,4,2,0
656,Rochester,Mercyhurst,False,20230114,2023,1,0,0
657,Niagara,Bentley,False,20230114,2023,1,6,0
658,Notre Dame,Minnesota,False,20230114,2023,0,3,0
659,Lake Superior State,Ferris State,False,20230114,2023,4,1,0
660,Michigan Tech,St. Thomas - Minnesota,False,20230114,2023,2,3,0
661,Vermont,American International,False,20230114,2023,0,4,0
662,Sacred Heart,Boston College,False,20230114,2023,2,3,1
663,Long Island University,Quinnipiac,False,20230114,2023,2,5,0
664,Dartmouth,Clarkson,False,20230114,2023,4,5,0
665,Harvard,St. Lawrence,False,20230114,2023,5,0,0
666,Yale,Union,False,20230114,2023,0,0,1
667,Brown,Rensselaer,False,20230114,2023,3,0,0
668,St. Cloud State,Colorado College,False,20230114,2023,4,0,0
669,Michigan State,Penn State,False,20230114,2023,4,4,1
670,Merrimack,Providence,False,20230114,2023,3,0,0
671,Maine,UMass Lowell,False,20230114,2023,5,3,0
672,Bowling Green,Bemidji State,False,20230114,2023,5,2,0
673,North Dakota,Western Michigan,False,20230114,2023,6,7,0
674,UConn,Northeastern,False,20230114,2023,3,4,0
675,Denver,Miami (OH),False,20230114,2023,7,0,0
676,Omaha,Minnesota Duluth,False,20230114,2023,6,1,0
677,UMass,New Hampshire,False,20230115,2023,1,3,0
678,Holy Cross,Air Force,False,20230115,2023,4,1,0
679,Army,American International,False,20230117,2023,1,2,1
680,Princeton,Providence,False,20230117,2023,3,2,1
681,Stonehill,Rivier University,False,20230117,2023,5,1,0
682,St. Thomas - Minnesota,Bowling Green,False,20230119,2023,4,2,0
683,Long Island University,Lindenwood,False,20230120,2023,3,2,1
684,Penn State,Notre Dame,False,20230120,2023,1,2,0
685,Sacred Heart,Holy Cross,False,20230120,2023,2,2,1
686,Colgate,Princeton,False,20230120,2023,5,0,0
687,Union,St. Lawrence,False,20230120,2023,3,2,0
688,Rensselaer,Clarkson,False,20230120,2023,3,2,1
689,Cornell,Quinnipiac,False,20230120,2023,4,0,0
690,Brown,Dartmouth,False,20230120,2023,3,4,0
691,Yale,Harvard,False,20230120,2023,2,3,1
692,Boston College,Vermont,False,20230120,2023,1,1,1
693,Boston University,Maine,False,20230120,2023,5,1,0
694,UMass,UConn,False,20230120,2023,3,4,1
695,Merrimack,Northeastern,False,20230120,2023,1,5,0
696,Mercyhurst,American International,False,20230120,2023,4,1,0
697,Bentley,Canisius,False,20230120,2023,1,5,0
698,Ferris State,Michigan Tech,False,20230120,2023,0,1,0
699,UMass Lowell,New Hampshire,False,20230120,2023,6,2,0
700,Minnesota,Michigan,False,20230120,2023,4,3,1
701,Wisconsin,Ohio State,False,20230120,2023,4,0,0
702,Minnesota State,Lake Superior State,False,20230120,2023,3,2,1
703,Bemidji State,Northern Michigan,False,20230120,2023,4,0,0
704,St. Thomas - Minnesota,Bowling Green,False,20230120,2023,3,3,1
705,Omaha,Miami (OH),False,20230120,2023,4,1,0
706,North Dakota,Minnesota Duluth,False,20230120,2023,4,2,0
707,St. Cloud State,Denver,False,20230120,2023,7,3,0
708,Union,Clarkson,False,20230121,2023,3,4,0
709,Mercyhurst,American International,False,20230121,2023,1,2,1
710,Bentley,Canisius,False,20230121,2023,2,2,1
711,UConn,UMass,False,20230121,2023,3,1,0
712,Penn State,Notre Dame,False,20230121,2023,3,2,0
713,Boston College,Vermont,False,20230121,2023,2,3,0
714,Arizona State,Rochester,False,20230121,2023,3,5,0
715,Boston University,Maine,False,20230121,2023,9,6,0
716,Air Force,Niagara,False,20230121,2023,1,2,0
717,Ferris State,Michigan Tech,False,20230121,2023,3,3,1
718,Sacred Heart,Holy Cross,False,20230121,2023,4,1,0
719,Rensselaer,St. Lawrence,False,20230121,2023,4,3,1
720,Colgate,Quinnipiac,False,20230121,2023,3,2,0
721,Cornell,Princeton,False,20230121,2023,3,2,0
722,Brown,Harvard,False,20230121,2023,3,2,0
723,Yale,Dartmouth,False,20230121,2023,0,4,0
724,St. Cloud State,Denver,False,20230121,2023,2,0,0
725,New Hampshire,UMass Lowell,False,20230121,2023,2,3,1
726,Bemidji State,Northern Michigan,False,20230121,2023,2,5,0
727,Minnesota State,Lake Superior State,False,20230121,2023,3,1,0
728,North Dakota,Minnesota Duluth,False,20230121,2023,1,2,0
729,Northeastern,Merrimack,False,20230121,2023,1,0,0
730,Colorado College,Western Michigan,False,20230121,2023,1,4,0
731,Minnesota,Michigan,False,20230121,2023,4,5,1
732,Wisconsin,Ohio State,False,20230121,2023,0,2,0
733,Franklin Pierce,Stonehill,False,20230124,2023,0,0,0
734,UConn,Yale,False,20230127,2023,6,1,0
735,Holy Cross,Rochester,False,20230127,2023,3,4,0
736,Canisius,Niagara,False,20230127,2023,5,2,0
737,Army,Air Force,False,20230127,2023,3,1,0
738,Dartmouth,Cornell,False,20230127,2023,2,3,0
739,Harvard,Colgate,False,20230127,2023,5,4,1
740,St. Lawrence,Clarkson,False,20230127,2023,4,2,0
741,Western Michigan,Omaha,False,20230127,2023,6,1,0
742,Michigan,Penn State,False,20230127,2023,7,3,0
743,Boston University,Boston College,False,20230127,2023,6,3,0
744,Maine,Providence,False,20230127,2023,3,2,0
745,Vermont,Merrimack,False,20230127,2023,2,4,0
746,Quinnipiac,Sacred Heart,False,20230127,2023,5,0,0
747,Mercyhurst,Bentley,False,20230127,2023,4,3,0
748,UMass Lowell,UMass,False,20230127,2023,1,0,0
749,Ferris State,Minnesota State,False,20230127,2023,1,4,0
750,Lake Superior State,Bemidji State,False,20230127,2023,2,3,0
751,Michigan Tech,Northern Michigan,False,20230127,2023,3,0,0
752,Miami (OH),North Dakota,False,20230127,2023,1,4,0
753,Notre Dame,Wisconsin,False,20230127,2023,5,3,0
754,Minnesota Duluth,St. Cloud State,False,20230127,2023,5,3,0
755,Minnesota,Michigan State,False,20230127,2023,8,0,0
756,Arizona State,St. Thomas - Minnesota,False,20230127,2023,4,0,0
757,Denver,Colorado College,False,20230127,2023,2,0,0
758,Alaska Anchorage,Alaska,False,20230127,2023,3,4,1
759,Army,Air Force,False,20230128,2023,4,6,0
760,Yale,Sacred Heart,False,20230128,2023,3,4,0
761,Minnesota,Michigan State,False,20230128,2023,6,3,0
762,Mercyhurst,Bentley,False,20230128,2023,3,5,0
763,Union,Rensselaer,False,20230128,2023,6,0,0
764,Western Michigan,Omaha,False,20230128,2023,0,2,0
765,Notre Dame,Wisconsin,False,20230128,2023,3,1,0
766,Ferris State,Minnesota State,False,20230128,2023,1,5,0
767,Lake Superior State,Bemidji State,False,20230128,2023,3,2,0
768,Northern Michigan,Michigan Tech,False,20230128,2023,1,4,0
769,Canisius,Niagara,False,20230128,2023,2,5,0
770,Holy Cross,Rochester,False,20230128,2023,4,3,1
771,Clarkson,St. Lawrence,False,20230128,2023,2,4,0
772,Princeton,Long Island University,False,20230128,2023,4,6,0
773,Dartmouth,Colgate,False,20230128,2023,3,4,1
774,Harvard,Cornell,False,20230128,2023,6,2,0
775,Michigan,Penn State,False,20230128,2023,5,4,0
776,Boston College,Boston University,False,20230128,2023,1,3,0
777,Vermont,Merrimack,False,20230128,2023,2,1,1
778,Quinnipiac,UConn,False,20230128,2023,4,3,0
779,Miami (OH),North Dakota,False,20230128,2023,0,8,0
780,Maine,Providence,False,20230128,2023,3,0,0
781,Minnesota Duluth,St. Cloud State,False,20230128,2023,6,3,0
782,Arizona State,St. Thomas - Minnesota,False,20230128,2023,4,3,1
783,Alaska,Alaska Anchorage,False,20230128,2023,4,3,1
784,Northeastern,Boston College,False,20230131,2023,2,1,0
785,American International,Sacred Heart,False,20230202,2023,2,4,0
786,Long Island University,Stonehill,False,20230203,2023,9,3,0
787,Niagara,Army,False,20230203,2023,2,3,1
788,Bentley,Holy Cross,False,20230203,2023,1,4,0
789,Harvard,Quinnipiac,False,20230203,2023,0,3,0
790,Yale,Clarkson,False,20230203,2023,4,0,0
791,Colgate,Union,False,20230203,2023,1,3,0
792,Cornell,Rensselaer,False,20230203,2023,3,1,0
793,Brown,St. Lawrence,False,20230203,2023,0,6,0
794,Michigan,Wisconsin,False,20230203,2023,6,2,0
795,Michigan State,Notre Dame,False,20230203,2023,3,0,0
796,Ohio State,Penn State,False,20230203,2023,3,4,0
797,Maine,Boston University,False,20230203,2023,3,5,0
798,Providence,UMass,False,20230203,2023,2,3,0
799,New Hampshire,Merrimack,False,20230203,2023,3,2,1
800,Northeastern,UConn,False,20230203,2023,3,4,1
801,Canisius,Rochester,False,20230203,2023,2,3,0
802,Bowling Green,Ferris State,False,20230203,2023,1,2,0
803,Northern Michigan,Lake Superior State,False,20230203,2023,2,4,0
804,UMass Lowell,Boston College,False,20230203,2023,2,2,1
805,Dartmouth,Princeton,False,20230203,2023,3,7,0
806,Minnesota State,St. Thomas - Minnesota,False,20230203,2023,2,3,1
807,Bemidji State,Michigan Tech,False,20230203,2023,0,2,0
808,St. Cloud State,Miami (OH),False,20230203,2023,3,3,1
809,Minnesota Duluth,Western Michigan,False,20230203,2023,2,3,1
810,Air Force,Mercyhurst,False,20230203,2023,4,3,1
811,Long Island University,Stonehill,False,20230204,2023,9,1,0
812,Bentley,Holy Cross,False,20230204,2023,1,4,0
813,Michigan State,Notre Dame,False,20230204,2023,3,2,0
814,Niagara,Army,False,20230204,2023,3,3,1
815,UMass Lowell,New Hampshire,False,20230204,2023,4,5,0
816,Northern Michigan,Lake Superior State,False,20230204,2023,3,1,0
817,Ohio State,Penn State,False,20230204,2023,4,2,0
818,Air Force,Mercyhurst,False,20230204,2023,4,2,0
819,Sacred Heart,American International,False,20230204,2023,1,4,0
820,Yale,St. Lawrence,False,20230204,2023,4,0,0
821,Colgate,Rensselaer,False,20230204,2023,1,2,0
822,Cornell,Union,False,20230204,2023,10,1,0
823,Brown,Clarkson,False,20230204,2023,2,6,0
824,St. Cloud State,Miami (OH),False,20230204,2023,1,1,1
825,Minnesota Duluth,Western Michigan,False,20230204,2023,1,4,0
826,Michigan,Wisconsin,False,20230204,2023,7,4,0
827,Rochester,Canisius,False,20230204,2023,2,3,1
828,Bowling Green,Ferris State,False,20230204,2023,4,4,1
829,Bemidji State,Michigan Tech,False,20230204,2023,2,3,0
830,St. Thomas - Minnesota,Minnesota State,False,20230204,2023,2,5,0
831,Dartmouth,Quinnipiac,False,20230204,2023,2,4,0
832,Colorado College,Denver,False,20230204,2023,1,4,0
833,Alaska,Arizona State,False,20230204,2023,5,2,0
834,Maine,Merrimack,False,20230205,2023,3,2,1
835,Vermont,Providence,False,20230205,2023,1,3,0
836,Harvard,Boston College,False,20230206,2023,4,3,1
837,Boston University,Northeastern,False,20230206,2023,1,3,0
838,Sacred Heart,Army,False,20230207,2023,1,4,0
839,Franklin Pierce,Stonehill,False,20230207,2023,3,5,0
840,American International,Bentley,False,20230208,2023,3,4,0
841,Niagara,Rochester,False,20230209,2023,4,3,0
842,Long Island University,Alaska,False,20230210,2023,3,5,0
843,Sacred Heart,Air Force,False,20230210,2023,4,5,0
844,Army,Holy Cross,False,20230210,2023,5,2,0
845,Union,Yale,False,20230210,2023,3,1,0
846,Clarkson,Quinnipiac,False,20230210,2023,0,3,0
847,Rensselaer,Brown,False,20230210,2023,2,3,0
848,Cornell,Colgate,False,20230210,2023,3,2,0
849,St. Lawrence,Princeton,False,20230210,2023,6,2,0
850,Michigan State,Michigan,False,20230210,2023,2,4,0
851,Boston College,Maine,False,20230210,2023,1,3,0
852,New Hampshire,UConn,False,20230210,2023,4,1,0
853,UMass,Vermont,False,20230210,2023,3,3,1
854,Providence,Northeastern,False,20230210,2023,3,3,1
855,Mercyhurst,Canisius,False,20230210,2023,3,4,0
856,Bentley,American International,False,20230210,2023,2,2,1
857,Ferris State,Bemidji State,False,20230210,2023,3,2,0
858,Michigan Tech,Bowling Green,False,20230210,2023,2,5,0
859,Lindenwood,Stonehill,False,20230210,2023,5,2,0
860,Notre Dame,Ohio State,False,20230210,2023,2,1,0
861,Dartmouth,Harvard,False,20230210,2023,3,6,0
862,Wisconsin,Minnesota,False,20230210,2023,1,4,0
863,St. Thomas - Minnesota,Northern Michigan,False,20230210,2023,0,3,0
864,Omaha,Colorado College,False,20230210,2023,3,2,1
865,Denver,North Dakota,False,20230210,2023,5,3,0
866,Long Island University,Alaska,False,20230211,2023,3,1,0
867,Army,Holy Cross,False,20230211,2023,0,7,0
868,Mercyhurst,Canisius,False,20230211,2023,0,2,0
869,Union,Brown,False,20230211,2023,3,1,0
870,Lindenwood,Stonehill,False,20230211,2023,10,3,0
871,New Hampshire,UConn,False,20230211,2023,3,2,1
872,Michigan Tech,Bowling Green,False,20230211,2023,4,2,0
873,Wisconsin,Minnesota,False,20230211,2023,3,1,0
874,Notre Dame,Ohio State,False,20230211,2023,2,2,1
875,Ferris State,Bemidji State,False,20230211,2023,2,6,0
876,Sacred Heart,Air Force,False,20230211,2023,5,3,0
877,Niagara,Rochester,False,20230211,2023,4,1,0
878,Rensselaer,Yale,False,20230211,2023,4,2,0
879,Clarkson,Princeton,False,20230211,2023,4,1,0
880,St. Lawrence,Quinnipiac,False,20230211,2023,0,5,0
881,UMass,Vermont,False,20230211,2023,4,4,1
882,St. Thomas - Minnesota,Northern Michigan,False,20230211,2023,4,2,0
883,Colgate,Cornell,False,20230211,2023,4,4,1
884,Denver,North Dakota,False,20230211,2023,5,2,0
885,Michigan,Michigan State,False,20230211,2023,4,3,1
886,Omaha,Colorado College,False,20230211,2023,2,2,1
887,UMass Lowell,Maine,False,20230212,2023,1,1,1
888,Boston University,Boston College,False,20230213,2023,2,4,0
889,Northeastern,Harvard,False,20230213,2023,2,2,1
890,Air Force,Canisius,False,20230213,2023,2,1,0
891,St. Anselm,Stonehill,False,20230214,2023,2,3,1
892,Air Force,Canisius,False,20230214,2023,1,4,0
893,Holy Cross,Niagara,False,20230216,2023,4,3,1
894,Ohio State,Michigan,False,20230216,2023,3,3,1
895,Penn State,Minnesota,False,20230217,2023,2,7,0
896,Army,Mercyhurst,False,20230217,2023,3,2,1
897,Holy Cross,Niagara,False,20230217,2023,3,0,0
898,Dartmouth,Rensselaer,False,20230217,2023,1,3,0
899,Cornell,Clarkson,False,20230217,2023,3,4,0
900,Quinnipiac,Yale,False,20230217,2023,5,1,0
901,Colgate,St. Lawrence,False,20230217,2023,3,2,1
902,Princeton,Brown,False,20230217,2023,3,2,0
903,Harvard,Union,False,20230217,2023,5,3,0
904,Western Michigan,Colorado College,False,20230217,2023,4,1,0
905,Merrimack,Boston University,False,20230217,2023,4,1,0
906,New Hampshire,Maine,False,20230217,2023,2,2,1
907,Providence,UMass Lowell,False,20230217,2023,3,2,1
908,Boston College,UMass,False,20230217,2023,7,3,0
909,Rochester,Bentley,False,20230217,2023,4,0,0
910,Miami (OH),Omaha,False,20230217,2023,1,3,0
911,Northern Michigan,Ferris State,False,20230217,2023,9,2,0
912,Lake Superior State,St. Thomas - Minnesota,False,20230217,2023,2,1,0
913,Bemidji State,Minnesota State,False,20230217,2023,1,4,0
914,North Dakota,St. Cloud State,False,20230217,2023,4,3,1
915,Denver,Minnesota Duluth,False,20230217,2023,6,2,0
916,Wisconsin,Michigan State,False,20230217,2023,2,6,0
917,Arizona State,Lindenwood,False,20230217,2023,8,2,0
918,Air Force,American International,False,20230217,2023,2,3,0
919,Alaska,Long Island University,False,20230217,2023,3,2,0
920,Stonehill,Framingham State,False,20230218,2023,6,2,0
921,Army,Mercyhurst,False,20230218,2023,3,7,0
922,Canisius,Sacred Heart,False,20230218,2023,6,4,0
923,Ohio State,Michigan,False,20230218,2023,4,2,0
924,Dartmouth,Union,False,20230218,2023,1,0,0
925,Rochester,Bentley,False,20230218,2023,1,2,0
926,Miami (OH),Omaha,False,20230218,2023,2,3,1
927,Western Michigan,Colorado College,False,20230218,2023,2,1,0
928,Boston University,Merrimack,False,20230218,2023,3,4,1
929,UMass Lowell,Providence,False,20230218,2023,2,1,0
930,Northern Michigan,Ferris State,False,20230218,2023,8,3,0
931,Lake Superior State,St. Thomas - Minnesota,False,20230218,2023,1,2,0
932,Penn State,Minnesota,False,20230218,2023,2,3,1
933,Colgate,Clarkson,False,20230218,2023,3,3,1
934,Quinnipiac,Brown,False,20230218,2023,5,2,0
935,Cornell,St. Lawrence,False,20230218,2023,0,1,0
936,Princeton,Yale,False,20230218,2023,0,4,0
937,Harvard,Rensselaer,False,20230218,2023,4,0,0
938,North Dakota,St. Cloud State,False,20230218,2023,2,2,1
939,UMass,Boston College,False,20230218,2023,1,3,0
940,New Hampshire,Maine,False,20230218,2023,0,0,1
941,Vermont,Northeastern,False,20230218,2023,0,3,0
942,Air Force,American International,False,20230218,2023,3,4,0
943,Bemidji State,Minnesota State,False,20230218,2023,2,1,1
944,Denver,Minnesota Duluth,False,20230218,2023,5,6,0
945,Canisius,Sacred Heart,False,20230219,2023,2,3,1
946,UConn,Alaska Anchorage,False,20230223,2023,4,3,1
947,Holy Cross,Canisius,False,20230224,2023,0,3,0
948,Brown,Cornell,False,20230224,2023,0,5,0
949,Rensselaer,Princeton,False,20230224,2023,6,4,0
950,St. Lawrence,Harvard,False,20230224,2023,2,6,0
951,Yale,Colgate,False,20230224,2023,4,2,0
952,Union,Quinnipiac,False,20230224,2023,1,4,0
953,Western Michigan,Denver,False,20230224,2023,2,5,0
954,Michigan,Notre Dame,False,20230224,2023,3,3,1
955,Penn State,Wisconsin,False,20230224,2023,6,1,0
956,Maine,Boston College,False,20230224,2023,6,3,0
957,Vermont,Boston University,False,20230224,2023,3,5,0
958,UMass,Northeastern,False,20230224,2023,3,2,0
959,Rochester,Air Force,False,20230224,2023,3,1,0
960,Bentley,Army,False,20230224,2023,3,5,0
961,Mercyhurst,Niagara,False,20230224,2023,3,2,1
962,American International,Sacred Heart,False,20230224,2023,2,2,1
963,Bowling Green,Northern Michigan,False,20230224,2023,2,4,0
964,Ferris State,Lake Superior State,False,20230224,2023,2,3,1
965,UMass Lowell,Merrimack,False,20230224,2023,3,5,0
966,Clarkson,Dartmouth,False,20230224,2023,4,0,0
967,Minnesota Duluth,Miami (OH),False,20230224,2023,3,2,0
968,Minnesota State,Michigan Tech,False,20230224,2023,0,2,0
969,St. Thomas - Minnesota,Bemidji State,False,20230224,2023,3,1,0
970,Omaha,St. Cloud State,False,20230224,2023,2,6,0
971,Minnesota,Ohio State,False,20230224,2023,4,0,0
972,Long Island University,Alaska Anchorage,False,20230225,2023,0,4,0
973,UConn,New Hampshire,False,20230225,2023,6,1,0
974,Bentley,Army,False,20230225,2023,5,4,1
975,Penn State,Wisconsin,False,20230225,2023,1,2,0
976,Rochester,Air Force,False,20230225,2023,5,2,0
977,Ferris State,Lake Superior State,False,20230225,2023,2,4,0
978,Minnesota,Ohio State,False,20230225,2023,5,2,0
979,Western Michigan,Denver,False,20230225,2023,1,3,0
980,Holy Cross,Canisius,False,20230225,2023,3,6,0
981,Sacred Heart,American International,False,20230225,2023,0,5,0
982,Niagara,Mercyhurst,False,20230225,2023,5,3,0
983,Rensselaer,Quinnipiac,False,20230225,2023,1,4,0
984,Union,Princeton,False,20230225,2023,3,1,0
985,Brown,Colgate,False,20230225,2023,2,2,1
986,St. Lawrence,Dartmouth,False,20230225,2023,2,0,0
987,Clarkson,Harvard,False,20230225,2023,2,3,0
988,Yale,Cornell,False,20230225,2023,1,5,0
989,Merrimack,UMass Lowell,False,20230225,2023,2,0,0
990,Maine,Boston College,False,20230225,2023,2,1,0
991,Arizona State,Alaska,False,20230225,2023,2,4,0
992,Bowling Green,Northern Michigan,False,20230225,2023,2,4,0
993,Minnesota State,Michigan Tech,False,20230225,2023,3,2,0
994,St. Thomas - Minnesota,Bemidji State,False,20230225,2023,2,7,0
995,Vermont,Boston University,False,20230225,2023,0,3,0
996,Northeastern,UMass,False,20230225,2023,4,0,0
997,Long Island University,Alaska Anchorage,False,20230226,2023,6,2,0
998,Long Island University,Alaska Anchorage,False,20230228,2023,3,5,0
999,New Hampshire,Vermont,False,20230302,2023,2,3,0
1000,Ohio State,Penn State,False,20230303,2023,5,1,0
1001,American International,Holy Cross,False,20230303,2023,3,1,0
1002,Boston College,UConn,False,20230303,2023,5,3,0
1003,Boston University,Providence,False,20230303,2023,6,4,0
1004,Michigan,Wisconsin,False,20230303,2023,6,5,1
1005,Notre Dame,Michigan State,False,20230303,2023,1,0,0
1006,Sacred Heart,Niagara,False,20230303,2023,3,1,0
1007,Canisius,Army,False,20230303,2023,5,2,0
1008,Colgate,Dartmouth,False,20230303,2023,5,3,0
1009,Miami (OH),Western Michigan,False,20230303,2023,0,5,0
1010,Maine,UMass,False,20230303,2023,2,5,0
1011,Rochester,Mercyhurst,False,20230303,2023,5,3,0
1012,Michigan Tech,St. Thomas - Minnesota,False,20230303,2023,1,0,0
1013,Bowling Green,Ferris State,False,20230303,2023,3,4,1
1014,Northern Michigan,Bemidji State,False,20230303,2023,7,3,0
1015,UMass Lowell,Northeastern,False,20230303,2023,3,1,0
1016,North Dakota,Omaha,False,20230303,2023,5,4,1
1017,Minnesota State,Lake Superior State,False,20230303,2023,6,1,0
1018,St. Cloud State,Minnesota Duluth,False,20230303,2023,3,4,0
1019,Denver,Colorado College,False,20230303,2023,2,1,0
1020,Alaska Anchorage,Arizona State,False,20230303,2023,0,5,0
1021,Alaska,Lindenwood,False,20230303,2023,4,1,0
1022,American International,Holy Cross,False,20230304,2023,3,4,0
1023,Clarkson,Brown,False,20230304,2023,5,1,0
1024,Union,Princeton,False,20230304,2023,4,6,0
1025,UConn,Boston College,False,20230304,2023,6,5,0
1026,Notre Dame,Michigan State,False,20230304,2023,2,4,0
1027,Ohio State,Penn State,False,20230304,2023,1,2,1
1028,Miami (OH),Western Michigan,False,20230304,2023,4,5,1
1029,Michigan Tech,St. Thomas - Minnesota,False,20230304,2023,5,4,0
1030,Northern Michigan,Bemidji State,False,20230304,2023,2,1,1
1031,St. Cloud State,Minnesota Duluth,False,20230304,2023,4,3,1
1032,Maine,UMass,False,20230304,2023,3,4,0
1033,Providence,Boston University,False,20230304,2023,0,2,0
1034,Northeastern,UMass Lowell,False,20230304,2023,7,3,0
1035,Merrimack,Vermont,False,20230304,2023,4,1,0
1036,Michigan,Wisconsin,False,20230304,2023,7,4,0
1037,Sacred Heart,Niagara,False,20230304,2023,1,4,0
1038,Rensselaer,Yale,False,20230304,2023,1,4,0
1039,Rochester,Mercyhurst,False,20230304,2023,4,3,1
1040,North Dakota,Omaha,False,20230304,2023,2,1,0
1041,Minnesota State,Lake Superior State,False,20230304,2023,2,1,0
1042,Bowling Green,Ferris State,False,20230304,2023,1,2,1
1043,Canisius,Army,False,20230304,2023,0,1,1
1044,Colorado College,Denver,False,20230304,2023,2,4,0
1045,Alaska Anchorage,Arizona State,False,20230304,2023,4,3,0
1046,Alaska,Lindenwood,False,20230304,2023,8,0,0
1047,Ohio State,Penn State,False,20230305,2023,3,1,0
1048,Canisius,Army,False,20230305,2023,3,0,0
1049,Sacred Heart,Niagara,False,20230305,2023,3,7,0
1050,American International,Holy Cross,False,20230305,2023,3,4,1
1051,Notre Dame,Michigan State,False,20230305,2023,2,4,0
1052,Sacred Heart,Niagara,False,20230305,2023,0,0,0
1053,Boston College,UMass,False,20230308,2023,5,2,0
1054,Maine,Vermont,False,20230308,2023,2,4,0
1055,Providence,New Hampshire,False,20230308,2023,2,1,1
1056,Canisius,Niagara,False,20230310,2023,1,2,0
1057,Quinnipiac,Yale,False,20230310,2023,3,0,0
1058,Harvard,Princeton,False,20230310,2023,6,1,0
1059,Cornell,Clarkson,False,20230310,2023,2,1,0
1060,St. Lawrence,Colgate,False,20230310,2023,3,4,1
1061,Western Michigan,Colorado College,False,20230310,2023,1,3,0
1062,Rochester,Holy Cross,False,20230310,2023,0,1,1
1063,Omaha,North Dakota,False,20230310,2023,2,1,0
1064,St. Cloud State,Minnesota Duluth,False,20230310,2023,3,1,0
1065,Arizona State,Long Island University,False,20230310,2023,6,3,0
1066,Denver,Miami (OH),False,20230310,2023,6,2,0
1067,Alaska Anchorage,Lindenwood,False,20230310,2023,7,7,0
1068,UConn,UMass Lowell,False,20230311,2023,1,2,0
1069,Boston University,Vermont,False,20230311,2023,7,3,0
1070,Western Michigan,Colorado College,False,20230311,2023,2,3,1
1071,Michigan Tech,Northern Michigan,False,20230311,2023,0,4,0
1072,Michigan,Ohio State,False,20230311,2023,7,3,0
1073,Quinnipiac,Yale,False,20230311,2023,6,2,0
1074,Harvard,Princeton,False,20230311,2023,6,1,0
1075,Cornell,Clarkson,False,20230311,2023,3,1,0
1076,St. Lawrence,Colgate,False,20230311,2023,2,3,0
1077,St. Cloud State,Minnesota Duluth,False,20230311,2023,1,5,0
1078,Northeastern,Providence,False,20230311,2023,1,2,1
1079,Rochester,Holy Cross,False,20230311,2023,4,3,1
1080,Minnesota State,Ferris State,False,20230311,2023,7,2,0
1081,Canisius,Niagara,False,20230311,2023,5,1,0
1082,Merrimack,Boston College,False,20230311,2023,1,0,1
1083,Denver,Miami (OH),False,20230311,2023,7,2,0
1084,Omaha,North Dakota,False,20230311,2023,1,3,0
1085,Arizona State,Long Island University,False,20230311,2023,2,1,1
1086,Minnesota,Michigan State,False,20230311,2023,5,1,0
1087,Alaska Anchorage,Lindenwood,False,20230311,2023,4,3,1
1088,Rochester,Holy Cross,False,20230312,2023,1,5,0
1089,St. Cloud State,Minnesota Duluth,False,20230312,2023,3,1,0
1090,Canisius,Niagara,False,20230312,2023,4,2,0
1091,Omaha,North Dakota,False,20230312,2023,2,5,0
1092,Boston University,Providence,False,20230317,2023,2,1,1
1093,Quinnipiac,Colgate,False,20230317,2023,1,2,1
1094,Denver,Colorado College,False,20230317,2023,0,1,0
1095,Merrimack,UMass Lowell,False,20230317,2023,2,1,1
1096,Cornell,Harvard,False,20230317,2023,0,1,1
1097,North Dakota,St. Cloud State,False,20230317,2023,2,3,1
1098,Canisius,Holy Cross,False,20230318,2023,3,0,0
1099,Boston University,Merrimack,False,20230318,2023,3,2,1
1100,Minnesota State,Northern Michigan,False,20230318,2023,3,2,1
1101,Harvard,Colgate,False,20230318,2023,2,3,0
1102,Minnesota,Michigan,False,20230318,2023,3,4,0
1103,St. Cloud State,Colorado College,False,20230318,2023,3,0,0
1104,Boston University,Western Michigan,False,20230323,2023,5,1,0
1105,St. Cloud State,Minnesota State,False,20230323,2023,4,0,0
1106,Denver,Cornell,False,20230323,2023,0,2,0
1107,Minnesota,Canisius,False,20230323,2023,9,2,0
1108,Harvard,Ohio State,False,20230324,2023,1,8,0
1109,Penn State,Michigan Tech,False,20230324,2023,8,0,0
1110,Quinnipiac,Merrimack,False,20230324,2023,5,0,0
1111,Michigan,Colgate,False,20230324,2023,11,1,0
1112,Boston University,Cornell,False,20230325,2023,2,1,0
1113,Minnesota,St. Cloud State,False,20230325,2023,4,1,0
1114,Quinnipiac,Ohio State,False,20230326,2023,4,1,0
1115,Michigan,Penn State,False,20230326,2023,2,1,1
1116,Minnesota,Boston University,False,20230406,2023,0,0,0
1117,Quinnipiac,Michigan,False,20230406,2023,0,0,0
1118,Boston University,Western Michigan,False,20230323,2023,5,1,0
1119,St. Cloud State,Minnesota State,False,20230323,2023,4,0,0
1120,Denver,Cornell,False,20230323,2023,0,2,0
1121,Minnesota,Canisius,False,20230323,2023,9,2,0
1122,Harvard,Ohio State,False,20230324,2023,1,8,0
1123,Penn State,Michigan Tech,False,20230324,2023,8,0,0
1124,Quinnipiac,Merrimack,False,20230324,2023,5,0,0
1125,Michigan,Colgate,False,20230324,2023,11,1,0
1126,Boston University,Cornell,False,20230325,2023,2,1,0
1127,Minnesota,St. Cloud State,False,20230325,2023,4,1,0
1128,Quinnipiac,Ohio State,False,20230326,2023,4,1,0
1129,Michigan,Penn State,False,20230326,2023,2,1,1
1130,Minnesota,Boston University,False,20230406,2023,0,0,0
1131,Quinnipiac,Michigan,False,20230406,2023,0,0,0
